link_id,sortKey,score,permalink,author_fullname,id,storyId,author,parent_id,body,sentiment
t3_bs22s7,1558760400,10,/r/nosleep/comments/bs22s7/i_work_on_a_boat_our_cargo_is_children/eok7qb9/,t2_wcuxx,eok7qb9,bs22s7,Wolf_of_WV,t3_bs22s7,You are a dead man walking.  The people who are behind this type of thing dont tolerate mishaps like this.,0
t3_dukiqw,1573621200,1,/r/nosleep/comments/dukiqw/a_childs_method_for_madness_part_2_2_parter/f77papf/,t2_86jlh,f77papf,dukiqw,Sporkazm,t1_f77p7a1,"&amp;#x200B;

Somehow I came to return the embrace, though I don't recall making the conscious movement to do so, I do remember comfortingly rubbing her back, and hugging her as she hugged me. Eventually my body relaxed,  though I couldn't describe to you now what went through my mind.  This lasted perhaps half the bus ride, until she sat up straight and looked at me, and began to speak. She told me of her horrific sleepless nights, that when she did manage to sleep it was only nightmares. How all she saw at night were red eyes outside her window. In her dark room. She told me how she'd closed her blinds, and how she was terrified of the night. She told me how she'd hung blankets over her windows, turning her room pitch dark even during the day, as closed blinds weren't protection enough from the horrors of the night. It seemed to me, as though she was describing my own experience over the past blur of nights. I told her I knew how she felt. That there were terrifying things out there in the night. She stared at me, and pointed at my pocket. You have one of those laser things right?

&amp;#x200B;

I pulled it out, and hung it from its chain. Like a pendulum before her hypnotic eyes. She reached, and I lowered it into her hand. She held it flat in her Palm, fascinatedly staring at it. It really was cool looking. She pressed the button and shone the tiny red light on my chest, then my forehead. ""You're not supposed to get it in your eyes"" I told her. ""It can damage them."" She stared back at me, with questioning eyes, as if she was asking me, begging me to tell her that it was me. That I was the terror in the night, the reason for her nightmares, waking and asleep. But I could not say that. For her or myself, I couldn't. ""Your face looks like mine in the mirror"" she said, and stood up. I hadn't even noticed the bus pulling into the school and stopping.

&amp;#x200B;

She had not given it back.

&amp;#x200B;

In class, she was becoming herself again. Showing off the object of her Terror, shining it around the walls and mesmerizing students. Maybe it was she who had pranked the teacher weeks ago. It was no secret for her. It was therapeutic. She delighted in it, her fear was still there, but subsiding. She was my goofy little classmate again, playing her part in the ecosystem, restoring homeostasis and balance to our little group. She had just had a rough week was all. Now I became quiet and relaxed. Comforted by the restored peace in the classroom, I awoke, drooling on the pages of my book, to her shining the red light in my face. ""Not the eyes,"" I told her, ""you'll damage them."" I let her keep it.

&amp;#x200B;

I slept that night, for the first night in nights. I'm positive I heard myself snoring. I seemed to wander in my sleep, waking up in my loft bed, then on the futon, then on the floor.

&amp;#x200B;

I slept in class, I slept on the bus, I slept through the week, until it was a long break from school. Spring break it might have been. It must have been. I had a project that was due, that I was meant to do over the course of the break. I remember laying on the floor in my room, rifling through pages of some boring thing that I didn't want to read, and falling asleep again. I slept until I couldn't sleep anymore.

&amp;#x200B;

I awoke, and checked the Red digital numbers on my alarm clock radio. It was 4 something a.m. I tried the walkie-talkie under my mattress, calling to my Anonymous partner in crime. No answer came. I waited five minutes and tried again. Nothing. I sat at my desk by the window, and stared at the alarm clock. 4:27

&amp;#x200B;

4:28 a.m. I turned the dial and started the radio. It was a song I loved. I lay my head down sideways, my cheek flat on the cool wooden desk and sang softly along. I couldn't stand the sound of it. I hated that I knew every word to come. Without looking I reached my fingers over my head and Switched Off the Radio dial. I turned my head to rest on my chin, and stared at the red numbers. 4:28 a.m.",-1
t3_e4lcwk,1575349200,4,/r/nosleep/comments/e4lcwk/everyone_knows_the_bees_are_disappearing_ive_just/f9erm02/,t2_j5mx0,f9erm02,e4lcwk,LiKenun,t3_e4lcwk,"&gt;My neck was sticky, and stank, stank  like a mixture of paint and rotten fruit, and no matter how much I  scrubbed I couldn‚Äôt get rid of the smell.  
&gt;  
&gt;It was then I realised that whatever they‚Äôd shot at me in the tunnel hadn‚Äôt missed.  
&gt;  
&gt;They‚Äôd marked me.

There‚Äôs gotta be *some* solvent that washes the smell off‚Ä¶",2
t3_au1bdu,1551157200,1,/r/nosleep/comments/au1bdu/conditions_of_entry/eh6cdqn/,t2_nguj2,eh6cdqn,au1bdu,Reddit__Herring,t3_au1bdu,That was really awesome. Very interesting concept!,4
t3_d64uh2,1568955600,1,/r/nosleep/comments/d64uh2/the_188minute_man/f0rojyz/,t2_2vpmh2gy,f0rojyz,d64uh2,jcammarato,t1_f0ridzm,"Yes, but she also has no choice and will eventually crave a companion as well.",2
t3_ddz73b,1570510800,5,/r/nosleep/comments/ddz73b/i_thought_my_friend_was_trying_to_steal_my/f2szviv/,t2_zdvqh,f2szviv,ddz73b,FlakeyGurl,t3_ddz73b,I'm glad your husband decided to confront her. You would have never known otherwise.,2
t3_clfisu,1564981200,1,/r/nosleep/comments/clfisu/every_night_i_have_to_kill_myself_or_someone_will/evvr4si/,t2_4fsnzzp,evvr4si,clfisu,s0n1cm4yh3m,t3_clfisu,I'll tell you what. Don't have children.,1
t3_afpdf7,1547528400,1,/r/nosleep/comments/afpdf7/the_boy_im_babysitting_is_coloring_disturbing/ee0ui6q/,t2_27ydio7p,ee0ui6q,afpdf7,GothGuitarGal,t1_ee0kfxb,"Where?

&amp;#x200B;",-1
t3_ahpljj,1548046800,1,/r/nosleep/comments/ahpljj/the_serial_killer_showdown_round_3/eeh3zl8/,t2_1u26tq8g,eeh3zl8,ahpljj,Cephalopodanaut,t3_ahpljj,"For a ""novice"" you sure are *killing* it.",3
t3_bk3ylf,1557032400,10,/r/nosleep/comments/bk3ylf/some_advice_for_better_sleep/emf8u6f/,t2_2oq8krhz,emf8u6f,bk3ylf,Zom_BEat_or_BEa10,t3_bk3ylf,"Thank you for these wonderful tips. If I may suggest a couple of helpful hints you missed:

1.) A warm cup of chamomile (or other variety) tea or a glass of warm milk 15-30 minutes before laying down can be helpful for some people.

And

2.) A ring of salt around your bed, as well as burning sage, can help set the mood, and is also known to repel a number of annoying entities like the ones you describe.",2
t3_cv9mbv,1567054800,1,/r/nosleep/comments/cv9mbv/my_neighbor_calls_them_his_children_i_call_it_an/ey95wxn/,t2_zpam777,ey95wxn,cv9mbv,thearrogantbookworm,t3_cv9mbv,Oh wow this made my skin crawl so much!,4
t3_bbdbl5,1554958800,6,/r/nosleep/comments/bbdbl5/knife_control/eki27zy/,t2_joy7g,eki27zy,bbdbl5,Shibbledibbler,t3_bbdbl5,"Chilling. Vague, yet enough detail to keep you on your toes next time you go shopping. Makes me wonder if my family has secrets I'd need to know...",3
t3_cfqysf,1563771600,240,/r/nosleep/comments/cfqysf/lasik_surgery_fixed_more_than_just_my_eyesight/eubvf2o/,t2_r248c1e,eubvf2o,cfqysf,v_vero,t3_cfqysf,"Oh man, I think your wife is trying to kill you!",2
t3_cu8jb8,1566709200,1,/r/nosleep/comments/cu8jb8/my_mother_found_a_lost_episode_of_the_twilight/extko41/,t2_3nywgm3h,extko41,cu8jb8,wiskyrose,t3_cu8jb8,Did your mom name you after Serling? Nice!,2
t3_aew6hc,1547355600,1,/r/nosleep/comments/aew6hc/i_am_so_scared_of_the_season_finale_of_my_life/edtwxb9/,t2_rl1ue,edtwxb9,aew6hc,toejamalam,t3_aew6hc,"Good morning, and in case I don't see ya, Good afternoon, good evening, and goodnight",2
t3_d0zdkk,1568091600,1,/r/nosleep/comments/d0zdkk/something_strange_happened_on_the_subway/ezkpjir/,t2_16xk57,ezkpjir,d0zdkk,Dark-Acheron-Sunset,t1_ezkkuub,"Vore.

I'm-im talking about vore. It's a fetish that exists, my dude. That's all.",3
t3_ejseh4,1578286800,1,/r/nosleep/comments/ejseh4/i_believe_my_girlfriend_is_being_watched/fd2vlcq/,t2_sykwo,fd2vlcq,ejseh4,grindking2142,t3_ejseh4,Look for hidden cameras,2
t3_cgi2x7,1564117200,1,/r/nosleep/comments/cgi2x7/i_keep_pulling_off_vr_headsets/eup8qm5/,t2_3o6fnvtt,eup8qm5,cgi2x7,tomasdincau,t3_cgi2x7,New to this sub so initially I thought that this was real stuff and began to question the safety of vr.,2
t3_e3h67u,1575176400,1,/r/nosleep/comments/e3h67u/i_survived_another_thanksgiving_with_my_family/f942di1/,t2_1x09dtn4,f942di1,e3h67u,ZA_Phillips,t1_f941ste,"Thank you. I don‚Äôt know what I believe anymore, but I appreciate your words.",2
t3_bcyzv3,1555304400,5,/r/nosleep/comments/bcyzv3/scratching_at_the_window/ekuqz4u/,t2_2r1e06d,ekuqz4u,bcyzv3,TheEpicKid000,t1_ekuq7lg,Have you tried throwing the notebook somewhere outside of the house? Maybe then the creature will stop?,1
t3_cmykhy,1565326800,1,/r/nosleep/comments/cmykhy/the_previous_tenant_of_my_new_flat_left_a/ew9bd1o/,t2_2p0yayt0,ew9bd1o,cmykhy,th3weazel,t3_cmykhy,Amazing,3
t3_c0nwxh,1560661200,6,/r/nosleep/comments/c0nwxh/what_i_owe_death/er66m1g/,t2_liu39,er66m1g,c0nwxh,GR1DDLE,t3_c0nwxh,"Interesting plot. Few twists that came unexpectedly, felt a little rushed but all in all good read.",3
t3_by2rcb,1560142800,32,/r/nosleep/comments/by2rcb/i_am_a_human_dollhouse/eqckasb/,t2_1lg9c7xo,eqckasb,by2rcb,jjbugman2468,t1_eqcfop5,"Didn't work, said they kept coming back anyway",1
t3_bkr50g,1557205200,1,/r/nosleep/comments/bkr50g/just_died_any_advice/emjsc1u/,t2_278n3pw8,emjsc1u,bkr50g,Lolguy2014,t3_bkr50g,Damn. Sorry you died. Have you checked out Area 51 though?,2
t3_cv9qa0,1566882000,1,/r/nosleep/comments/cv9qa0/update_my_daughters_arm_is_stuck_inside_a_wall/ey4r96a/,t2_ywqna,ey4r96a,cv9qa0,HercUlysses,t3_cv9qa0,!remindme 1 day,2
t3_ehuvy3,1577941200,1,/r/nosleep/comments/ehuvy3/only_the_classics/fcmpvkz/,t2_1v4eov22,fcmpvkz,ehuvy3,_purplesaturn_,t3_ehuvy3,"Broke down in tears halfway through, this is absolutely heart wrenching but I‚Äôm glad you and your family are all okay",2
t3_d3sxls,1568610000,1,/r/nosleep/comments/d3sxls/my_family_has_a_curse_on_every_generation_a_woman/f08kx91/,t2_jhzlj,f08kx91,d3sxls,JeromeRodil,t1_f06i8zp,"Everyone on Reddit is from the Utopia. 

Or bound for it.",2
t3_bjm35d,1556859600,1,/r/nosleep/comments/bjm35d/skinwalker_stories_from_the_past/em9s6aa/,t2_vx7fg,em9s6aa,bjm35d,lyshaninja,t1_em9s2j5,Really??!! Can you link the article? This is my story.,3
t3_euy9j9,1580360400,1,/r/nosleep/comments/euy9j9/my_husbands_murderer/ffsxoq3/,t2_otmvs,ffsxoq3,euy9j9,Virmyth,t3_euy9j9,Hope your daughter kills you like you helped your little bitch of a husband kill the girls.,0
t3_ae2lt7,1547182800,1,/r/nosleep/comments/ae2lt7/im_a_cop_and_i_institutionalized_someone_i_knew/edm6h3l/,t2_11o2sz,edm6h3l,ae2lt7,jessicaj94,t3_ae2lt7,This just keeps getting better!!,4
t3_b7wbw4,1554267600,2,/r/nosleep/comments/b7wbw4/i_kill_my_wife_every_morning/ejvcag4/,t2_2z51t9rt,ejvcag4,b7wbw4,cntbld,t3_b7wbw4,wow I love a little piece of heaven by avenged sevenfold,2
t3_c18dv5,1560834000,9,/r/nosleep/comments/c18dv5/former_paramedic_here_to_share_with_you_some/ercwuja/,t2_37efzatc,ercwuja,c18dv5,jmwoodtx,t3_c18dv5,So what did your partner trying to eat a burrito in 30 seconds have to do with anything? üòÇüòÇüòÇ,1
t3_dgjutb,1571029200,1,/r/nosleep/comments/dgjutb/dreamweaver_how_to_control_your_dreams/f3j82s2/,t2_kbghk3t,f3j82s2,dgjutb,UranusMc,t3_dgjutb,I swear to god I read something about Artifex in another story,0
t3_9qejeg,1548910800,2,/r/nosleep/comments/9qejeg/how_to_summon_the_butter_street_hitchhiker/ef9z5ix/,t2_sf7s2,ef9z5ix,9qejeg,SethlordX7,t1_ef8kphv,Totally!,2
t3_ew4d4r,1580533200,1,/r/nosleep/comments/ew4d4r/i_fell_asleep_when_our_flight_took_off_but_now_im/fg0a9hd/,t2_2pp1im00,fg0a9hd,ew4d4r,snakesonaplane420,t3_ew4d4r,Alien meth labs require the conditions to be perfect,2
t3_bj99v0,1556859600,0,/r/nosleep/comments/bj99v0/if_mommy_asks_if_youre_fine_you_say_yes_even_if/em83p0d/,t2_1xrfs9a2,em83p0d,bj99v0,bigniggasteve,t1_em7f95j,Shut it,0
t3_dm86h5,1572066000,1,/r/nosleep/comments/dm86h5/ive_been_flying_for_almost_thirty_hours_and_the/f50zgky/,t2_xjx6y,f50zgky,dm86h5,yas9in,t1_f50lkhh,Such a good movie,2
t3_cnu82t,1565499600,1,/r/nosleep/comments/cnu82t/the_talent/ewfcwgb/,t2_48ur4jqf,ewfcwgb,cnu82t,shitstenk9091,t3_cnu82t,"THIS IS VERY INTERESTING, PLEASE TELL US MORE!",4
t3_dplvf0,1572757200,1,/r/nosleep/comments/dplvf0/i_hail_from_a_city_of_all_women_theyre_coming_for/f60dwit/,t2_3lsxyh5y,f60dwit,dplvf0,anabadada,t1_f60doxt,I love you,2
t3_au4eix,1551157200,1,/r/nosleep/comments/au4eix/ive_been_getting_silent_phone_calls_for_a_while/eh5t2w8/,t2_2b6xggmi,eh5t2w8,au4eix,Bandit_622,t3_au4eix,Oh he dead dead,2
t3_bjj6zn,1556859600,12,/r/nosleep/comments/bjj6zn/evol_love/em8xgo6/,t2_169eei,em8xgo6,bjj6zn,Anaverageindianboy,t3_bjj6zn,Right in the feels man ;___;,1
t3_b2zh31,1554786000,1,/r/nosleep/comments/b2zh31/the_making_of_a_ghost_town/ekbb0vl/,t2_knayjzh,ekbb0vl,b2zh31,theincredibleclo,t3_b2zh31,I feel like I'm in your shoes! My name is also Cleo,2
t3_cpq1sy,1568955600,1,/r/nosleep/comments/cpq1sy/a_demon_tried_to_kill_me_once_now_i_hunt_down/f0pt9py/,t2_t2i4w,f0pt9py,cpq1sy,Zithero,t1_ewucive,"""It's a very plain iron ring.  No tarnishing and no major dents or anything.  I explain where I got it in later parts.""",2
t3_cmykhy,1565326800,1,/r/nosleep/comments/cmykhy/the_previous_tenant_of_my_new_flat_left_a/ew668p3/,t2_nmvto,ew668p3,cmykhy,DJ-spetznasty,t1_ew5kon5,You either die a hero or live long enough to see yourself become the villian,1
t3_ev7adw,1580360400,2,/r/nosleep/comments/ev7adw/the_vatican_conducted_illegal_human_experiments/ffu9w5q/,t2_228nnb2j,ffu9w5q,ev7adw,AChineseNationalist,t3_ev7adw,"It‚Äôs a logical decision, honestly. Why would an omnipotent entity sacrifice so much to help humanity? What possible motive would there be?",1
t3_cadyg9,1562734800,25,/r/nosleep/comments/cadyg9/my_husband_is_still_driving_but_wont_stop_staring/et8peti/,t2_16gnrr42,et8peti,cadyg9,fridgepickle,t1_et8pdxy,"If I was a figment of your imagination, what good would telling you otherwise do",1
t3_bhbdnk,1556341200,1,/r/nosleep/comments/bhbdnk/a_list_of_tips_for_raising_a_gerbil/elsel7s/,t2_1wfrayvo,elsel7s,bhbdnk,schmittyfangirl,t3_bhbdnk,"Hopefully breakfast will be a better mother than your mother, Becky.",2
t3_aqom9e,1550293200,1,/r/nosleep/comments/aqom9e/thispersondoesnotexistcom/eghwv3j/,t2_bd87m,eghwv3j,aqom9e,jreeves231,t1_eghwffp,KILL IT!!!   KILL IT WITH FIRE!!!,4
t3_b0dxy6,1552539600,1,/r/nosleep/comments/b0dxy6/hi_i_am_leonard_miltch_and_i_have_won_best/eie6t7x/,t2_xv4yuqt,eie6t7x,b0dxy6,Vaughawa,t3_b0dxy6,This was amazing.,3
t3_byrsn4,1560315600,6,/r/nosleep/comments/byrsn4/i_never_believed_in_ghosts_as_a_child_and_then_i/eqlifp8/,t2_11bv3y,eqlifp8,byrsn4,Pomegranateprincess,t3_byrsn4,Very nice writing. Enjoyed this.,3
t3_bfg42c,1555995600,1,/r/nosleep/comments/bfg42c/how_do_i_get_my_girlfriend_to_knock_off_this/elfetyq/,t2_1k0pisa,elfetyq,bfg42c,TehPunishment,t3_bfg42c,"New to this subreddit.. Was very empathetic, then confused, then horrified. Nice job OP",3
t3_dfv8od,1570856400,1,/r/nosleep/comments/dfv8od/my_friend_doesnt_allow_anyone_insider_her_home/f3a2199/,t2_1xwq88yd,f3a2199,dfv8od,YourLocalITadmin,t1_f36tmpl,The Reddit hive mind has spoken     /s,2
t3_b6m8lj,1553922000,3,/r/nosleep/comments/b6m8lj/my_wife_named_our_stillborn_nicholas/ejle7gx/,t2_kixjb,ejle7gx,b6m8lj,Tei_CSGO,t3_b6m8lj,Whoa.,1
t3_dpbwff,1572584400,1,/r/nosleep/comments/dpbwff/i_am/f5v5gee/,t2_33ryn5ig,f5v5gee,dpbwff,Catermelons,t1_f5udimo,I see nothing but a bunch of comments which is really weird.,0
t3_agnabv,1548046800,1,/r/nosleep/comments/agnabv/my_sister_and_i_are_ghost_whisperers_part_3/eeg8dip/,t2_mnldw,eeg8dip,agnabv,imhotep4,t3_agnabv,"&gt;snap back to reality

watch yo profamity",2
t3_bsrmy5,1558933200,52,/r/nosleep/comments/bsrmy5/my_sons_camera_monitor_alerted_in_the_middle_of/eops7lm/,t2_e3c1x,eops7lm,bsrmy5,ZedXYZ,t3_bsrmy5,"Dude, you have the proof on your damn monitor! Show the cops while they‚Äôre still there and it can be proven, and record/save the footage for reference! Don‚Äôt go back home again until it has been sorted.",0
t3_e5je5x,1575522000,1,/r/nosleep/comments/e5je5x/has_anyone_else_subscribed_to_the_disney/f9klkld/,t2_n03yl2v,f9klkld,e5je5x,natayoo,t3_e5je5x,That's exactly why I told my friend that her 4 year old is too young for her own tablet,0
t3_dxns2s,1574139600,1,/r/nosleep/comments/dxns2s/the_janis_box/f7viyhz/,t2_11ygvs,f7viyhz,dxns2s,JGWillikers,t1_f7vhbqc,Its ok. It wasn't laid out directly,1
t3_atz5tl,1551157200,1,/r/nosleep/comments/atz5tl/daddy_did_something_bad/eh6mge8/,t2_3308vf79,eh6mge8,atz5tl,TheValkyrieFox,t1_eh6iv6m,"Well, scheme? I dunno, it might not be a scheme. It probably is. A lot of people could be thinking you're faking being the character? You could be, or you couldn't. I just think it's kind of elaborate, if it IS all a lie.",1
t3_ea7ddm,1576386000,1,/r/nosleep/comments/ea7ddm/that_wasnt_ley/faq9fhk/,t2_byho5u4,faq9fhk,ea7ddm,Grimfrost785,t3_ea7ddm,"Hope all of you get out of this pickle with little worse for the wear; Henry and Joseph remind me of the Sheriff Truman and Hawk from Twin Peaks especially with the whole history of what's been going on around there! Guess that makes you Agent Cooper ;)

Good luck OP. Do what some people have suggested and call out to the good spirits/angels. You may have a connection to them, to the village and to the land that is yet unseen - though I suspect that you already suspect this. Go for it. I'll call to some holy beings myself while we're at it.",2
t3_bqg6ag,1558414800,3,/r/nosleep/comments/bqg6ag/a_report_on_the_grey_men_of_327_cedar_lane/eo4eog0/,t2_m24vu,eo4eog0,bqg6ag,MPHBEST,t3_bqg6ag,Amazing,3
t3_bwemqg,1559797200,1,/r/nosleep/comments/bwemqg/the_cherry_killer/eq0f87h/,t2_1c4fooz2,eq0f87h,bwemqg,StandoPowa_,t3_bwemqg,RERORERORERORERORERO,1
t3_cwo4yn,1567227600,1,/r/nosleep/comments/cwo4yn/update_my_daughters_body_is_still_stuck_inside_a/eyhkqrk/,t2_k7gcp,eyhkqrk,cwo4yn,sexappealandpancakes,t1_eydjg19,"OP isn't a nurse or doctor, she's probably just paraphrasing.",1
t3_d5ptfo,1568955600,1,/r/nosleep/comments/d5ptfo/the_soviet_union_never_wanted_anyone_to_know_what/f0qtcm5/,t2_31tpxrsp,f0qtcm5,d5ptfo,UnstoppableChicken,t1_f0on4tl,You should knock back to assert dominance.,2
t3_dzljbb,1574485200,1,/r/nosleep/comments/dzljbb/my_next_door_neighbor_is_a_milf/f89qxr1/,t2_2zdtamus,f89qxr1,dzljbb,YassineAbouz,t1_f89hv9m,M'snake.,2
t3_dosdx2,1572584400,1,/r/nosleep/comments/dosdx2/my_great_aunt_was_there_when_the_bomb_was_dropped/f5sip7l/,t2_14usfz,f5sip7l,dosdx2,ItchyPanda_Tg,t1_f5scrfz,They shouldn‚Äôt have messed with our boats,2
t3_binn2g,1556686800,9,/r/nosleep/comments/binn2g/im_so_sick_of_ok_cupid/em2vr4w/,t2_255zo9cw,em2vr4w,binn2g,darling_bird1,t1_em2vjpg,"oh.... shit.............. SHIT.........................

do you know anywhere where I can buy some lye real quick?",1
t3_ainnml,1548392400,1,/r/nosleep/comments/ainnml/the_same_person_kept_returning_to_our_emergency/eeqy01j/,t2_qtyuofd,eeqy01j,ainnml,DoctorMEM,t3_ainnml,"‚ÄúIs the agent in our hands?‚Äù

‚ÄúYes sir‚Äù

‚ÄúGood, report this to the site director immediately‚Äù

‚ÄúRoger that, returning to [base](http://www.scp-wiki.net/) ‚Äú",2
t3_e0j6wr,1574658000,1,/r/nosleep/comments/e0j6wr/ive_been_hypnotizing_neighborhood_kids_with/f8fi2b0/,t2_fwoeduj,f8fi2b0,e0j6wr,TurboFrogz,t1_f8f4yxp,You‚Äôre missing out on Psyc,2
t3_czb0ku,1567918800,1,/r/nosleep/comments/czb0ku/would_you_rather/ezcmjg6/,t2_1l13k6to,ezcmjg6,czb0ku,helen790,t1_eyyw07p,How did your mom react to realizing she smushed her own kids?,1
t3_bmqi90,1557896400,6,/r/nosleep/comments/bmqi90/my_new_house_has_really_strange_home_owners/endw30i/,t2_2cxlmfpa,endw30i,bmqi90,SideQuestPubs,t1_encumry,"Keeping in mind I'm talking specifically about non-HOA properties....

&amp;#x200B;

It's true that natural disasters do happen and insurance doesn't cover everything. And I don't know the ins and outs of how the government could legally seize what is legally your property. But these issues can happen with rental properties as well, and again.... you have more control over what you're allowed to do with property *you* own than you'd have with property that your landlord owns. The difference between renting and owning in that regard is a gamble about how much money you'd potentially lose versus whether you're entitled to any kind of compensation for the loss.

&amp;#x200B;

&gt;Does the land come *with* the house?

Only if it's being sold with the house. Chances are the answer is going to be yes--it might even be more accurate to say that you're buying the land and the house comes with it--but there are exceptions so you always want to check.

&amp;#x200B;

As to your original comment that I quoted about not being married....

Well, there is sometimes the matter of the cost, so if it's just you and you don't have a bunch of personal belongings, I can see where renting a small residence is most likely more cost-effective than being responsible for taking care of your own house. Letting your landlord take care of his/her legally-owned property would certainly be another advantage to renting in that case.

&amp;#x200B;

TLDR: Buying versus renting is not a scam, it's a gamble. Almost *everything* in life is a gamble as far as that goes.

It's a question of your personal needs and whether it's more important to you to have a lower responsibility towards the property (renting) or to be more independent with that property (buying). Nothing more, nothing less.",2
t3_dr0ek6,1572930000,1,/r/nosleep/comments/dr0ek6/i_saw_something_i_shouldnt_have_seen_last_night/f6h0y7p/,t2_2duddczk,f6h0y7p,dr0ek6,ISmellLikeCats,t3_dr0ek6,"I don‚Äôt think it‚Äôs a skin walkers, they usually have animalistic traits, this guy sounds like a cousin to Slenderman wearing a too old bondage suit, or made of one.",1
t3_dq4vqj,1572757200,1,/r/nosleep/comments/dq4vqj/the_worst_wedding_ive_ever_photographed/f62r9p1/,t2_g3lp4,f62r9p1,dq4vqj,freckled_porcelain,t1_f61gljy,"Maybe he said, ""I'm not going to hurt you, and I'm going to make sure your parents pay for this.""",2
t3_bfg42c,1555995600,1,/r/nosleep/comments/bfg42c/how_do_i_get_my_girlfriend_to_knock_off_this/elewm6m/,t2_13o1ir,elewm6m,bfg42c,Alloy202,t3_bfg42c,"I've faced the same issue unfortunately you've killed the gun a bit. In my experience timing is everything, you need to bring it up when you're both in a really good mood. Never tackle these things in annoyance it doesn't work. I'm sure you've got habits that get in her nerves too and be open to address those in response.",1
t3_cag3l9,1562734800,19,/r/nosleep/comments/cag3l9/since_the_first_time_i_died_ive_fallen_in_love/et8odx2/,t2_2fd4ok8m,et8odx2,cag3l9,bxxxx34,t3_cag3l9,"Ok, is this going to be a book? Can it please be a book? I swear I'll never ask for anything ever again!",4
t3_c58kvg,1561698000,1,/r/nosleep/comments/c58kvg/my_little_sister_was_the_most_harmless_kid_on_the/es40kck/,t2_23uqhk6q,es40kck,c58kvg,carajo512,t3_c58kvg,"This is a great story OP! But I cant help but laugh because this is what I imagined my parents thought would happen to me when I started playing ""violent"" video games back in the day!

I only wish they could read English, I bet they would confess to having thoughts like these. Lol",3
t3_ewabtp,1580533200,-1,/r/nosleep/comments/ewabtp/my_grandfather_spoke_dozens_of_languages_his/fg1ctup/,t2_2bvnf88u,fg1ctup,ewabtp,constantine0621,t3_ewabtp,"""part 3: current"" *I hope that's not a water pun, cause im gonna be really mad if it is...*",1
t3_dw46vn,1573966800,1,/r/nosleep/comments/dw46vn/marilyn_rose_pope_fights_a_poltergeist_for_her/f7m7wnt/,t2_4fvuyv4d,f7m7wnt,dw46vn,WatchfulBirds,t1_f7j43zw,Yes please! I'd love to hear more.,3
t3_eq86rf,1579669200,1,/r/nosleep/comments/eq86rf/theres_something_strange_in_the_fog_part_1/ff427nk/,t2_15c75h,ff427nk,eq86rf,GracesLovers,t1_ff424xy,You're welcome! Now I must read the rest. For this is the only one I've read so far.,3
t3_bjnqss,1557032400,3,/r/nosleep/comments/bjnqss/i_was_stuck_in_school_detention_for_three_years_i/emfil8a/,t2_jnvd8,emfil8a,bjnqss,lillbro64,t3_bjnqss,Holy shit the Calvin thing was the first ever thing I read here wow!!! Good luck on the eldritch horrors. Let the dildo be with ypu always.,4
t3_akwjix,1548910800,14,/r/nosleep/comments/akwjix/i_work_in_a_psychiatric_hospital_as_far_as_the/ef9s6t3/,t2_an0hi,ef9s6t3,akwjix,few23,t1_ef8xtyw,I wish you could post more than once a day! ;) Love this series! MOAR!,3
t3_e14bon,1574830800,1,/r/nosleep/comments/e14bon/an_actual_sociopath_i_worked_with_during_my_time/f8octxh/,t2_g8y4z,f8octxh,e14bon,flanneur,t3_e14bon,"How the hell did Chris get out of an abuse charge? If evidence was gathered, it could've been an airtight case. But somehow, I think prison would just cultivate his nature instead of correcting it. What does one do with someone incapable  of rehabilitation?",0
t3_bx2hdi,1559970000,3,/r/nosleep/comments/bx2hdi/someone_helped_me_start_to_overcome_my_depression/eq5eun7/,t2_w7bzl,eq5eun7,bx2hdi,denatured_enzyme_,t1_eq4vkws,"Glad I could help. Please don't give up on yourself - it's impressive how despite fighting the same battles every day, you wake up the next morning ready to fight them all over again. You're stronger than you think.",2
t3_b78pjk,1554094800,2,/r/nosleep/comments/b78pjk/the_life_of_a_superhuman/ejq5b65/,t2_11icxl,ejq5b65,b78pjk,cookingislife,t3_b78pjk,"You might be having future visions of yourself, be careful with your powers because something is watching you.",2
t3_c18dv5,1560834000,1,/r/nosleep/comments/c18dv5/former_paramedic_here_to_share_with_you_some/erc1eq1/,t2_znbht,erc1eq1,c18dv5,fetus-wearing-a-suit,t1_erc0bsq,Plus Tijuana gets half of San Diego stations without a problem,2
t3_csblw5,1566363600,1,/r/nosleep/comments/csblw5/i_was_challenged_to_survive_till_next_week_for_10/exee8yb/,t2_wp74c,exee8yb,csblw5,Rohboat3,t3_csblw5,Yeah it was a bit rushed but I still enjoyed it. Thanks man!,3
t3_amy80f,1549429200,1,/r/nosleep/comments/amy80f/the_new_girl_at_work_is_hot_but_weird/efqn6hf/,t2_2qhcxr3e,efqn6hf,amy80f,tarzan147,t1_efpydp6,"She's a Titan, technically but yea",2
t3_cy0qn9,1567573200,1,/r/nosleep/comments/cy0qn9/disturbing_cb_radio_broadcasts_2_lonely_girl_and/eyu53gg/,t2_yenyo,eyu53gg,cy0qn9,NoPoet406,t1_eysua9e,I've wished over the years that Lonely Girl's mantra was from a rhyme or something like that. I feel that it might give some insight into an inexplicable and frightening psyche.,2
t3_e5a09a,1575694800,1,/r/nosleep/comments/e5a09a/i_am_the_framer_of_cursed_images_part_15/f9sg7oo/,t2_ha1yv,f9sg7oo,e5a09a,nauticalnausicaa,t3_e5a09a,This is one of the most enthralling journeys I've been on here for awhile. I'm sure your karma would suffer if you stopped writing it...,3
t3_b1nos8,1552885200,1,/r/nosleep/comments/b1nos8/time_for_your_daily_dose_of_friendship/eipb6up/,t2_e6134,eipb6up,b1nos8,ladyhallow,t3_b1nos8,If reddit counts I'm good.,1
t3_d7usoa,1569301200,1,/r/nosleep/comments/d7usoa/i_found_my_dads_suicide_letter_ten_years_later_he/f16owvu/,t2_40swp9lc,f16owvu,d7usoa,pinkerton_17,t3_d7usoa,"I'm not sure what I'm missing but I'm just lost.

Why didn't the dad clarify it wasn't his letter when she was 14? What's so special about the black dog? What is this family's relation to this man who killed himself aside from the dad finding his body?",1
t3_be35tv,1555650000,-1,/r/nosleep/comments/be35tv/smile/el2yeqh/,t2_2rf2cjqi,el2yeqh,be35tv,sdelamere,t1_el2sowl,it was a dream,2
t3_dbp082,1570165200,1,/r/nosleep/comments/dbp082/im_a_guard_stationed_at_a_secret_government/f287ozq/,t2_4o0b6z8r,f287ozq,dbp082,Redhaired_Pixie,t1_f23w887,"Same! In the ""I want to break free"" clothes.",2
t3_drzxko,1573102800,1,/r/nosleep/comments/drzxko/lightning_changed_my_brother/f6nxfc1/,t2_o3a5iz5,f6nxfc1,drzxko,MoldSki,t1_f6n6jkr,"Guilty as charged, but dammit it ain‚Äôt right",0
t3_d8ez4y,1569474000,1,/r/nosleep/comments/d8ez4y/the_vietnamese_had_a_secret_weapon_we_never_stood/f1b5141/,t2_3z3dlziw,f1b5141,d8ez4y,nomad65555,t1_f1apyzl,Nothin but a stump anymore. Had to get more taken off soon after the incident.,2
t3_b8r28i,1554440400,2,/r/nosleep/comments/b8r28i/i_was_part_of_an_island_exploration_team_in_the/ek0uhf3/,t2_2v7id6h1,ek0uhf3,b8r28i,tre_gottschalk,t1_ejzlrzk,Really? After all this that was your question?? Lmao,0
t3_cd5u7r,1563253200,1,/r/nosleep/comments/cd5u7r/ever_since_my_mother_hanged_herself_the_dead_have/etrqgwq/,t2_3f33z7vq,etrqgwq,cd5u7r,purpleboystixx,t3_cd5u7r,RRRRRREEEEEEEPOST,2
t3_dpym8t,1572757200,1,/r/nosleep/comments/dpym8t/if_youre_reading_this_dont_let_me_wake_up/f60xx6i/,t2_3lodrt6e,f60xx6i,dpym8t,Ipatusaur,t3_dpym8t,Reviewed,2
t3_bfg42c,1555995600,2,/r/nosleep/comments/bfg42c/how_do_i_get_my_girlfriend_to_knock_off_this/elf1p8h/,t2_1n5xk4c6,elf1p8h,bfg42c,uglyslowworm,t3_bfg42c,What in the fresh hell is this. It cracked me up fr,3
t3_b0yyov,1552712400,1,/r/nosleep/comments/b0yyov/i_set_up_a_night_vision_camera_in_my_bedroom/eiiqndy/,t2_36f1tjwl,eiiqndy,b0yyov,Cadettr1g,t1_eiigh26,I don‚Äôt know if this is that comforting but I mean you‚Äôre not wrong when most people see a ‚Äòshadow person‚Äô they just kinda sit there.,1
t3_coxxjj,1565672400,1,/r/nosleep/comments/coxxjj/the_new_normal/ewn5z4m/,t2_3oaxcioc,ewn5z4m,coxxjj,yugedong,t3_coxxjj,YTA - get ready to join your mutual friends‚Äô group of divorcees!,2
t3_do3a9p,1572411600,1,/r/nosleep/comments/do3a9p/im_watching/f5kct2i/,t2_q133s,f5kct2i,do3a9p,thefirecrest,t3_do3a9p,"This is legitimately terrifying. My cousin was stalked once, obviously not to this extent, but it was stressful on everyone involved. Please please be safe. I hate how women are constantly preyed upon by sick men. I wish this wasn‚Äôt our world. :(",3
t3_ayr5tp,1552194000,1,/r/nosleep/comments/ayr5tp/fortyeight_years_ago_d_b_cooper_stole_200000/ei390pq/,t2_13czco,ei390pq,ayr5tp,King_Aun,t1_ei38fi1,Sorry I didn't read the sub rules and was confused. Ignore my comment and carry on.,2
t3_dpbwff,1572757200,1,/r/nosleep/comments/dpbwff/i_am/f60bzfu/,t2_2es1f938,f60bzfu,dpbwff,NightWolf621,t3_dpbwff,"You're not the only one. I have still met some people. Not eveyone can see us, but                    still can. The closest              to you is                             at                                  If you can't see this, we are on different              . Remember, we do not exist to some, but we still exist to ourselves. You can never be alone. They can                                                  but                      forget. We can still interact, but we are not                   . I may get downvoted to hell since I can see some of your post. But I have learned how not to care.                                     future                              while                  .
I am truly sorry if                   read this.        hardest part.
Good luck, stay weird.",2
t3_bgi599,1556341200,2,/r/nosleep/comments/bgi599/im_a_dj_and_i_am_looking_for_a_song_i_played/elqfksf/,t2_1pxk1jt9,elqfksf,bgi599,StuffWotIDid,t1_elqf0hm,"*Checks definition of tenaciously* Ha! Yes.

Ahh man, that music video.... AND TIL Dave Grohl played the devil!

Today is a good day! So glad I read this chilling DJ tale. Might swerve the clubs for a bit though.",3
t3_bmh0uw,1557550800,1,/r/nosleep/comments/bmh0uw/how_i_killed_herobrine_and_survived/emwn5av/,t2_3ozv24ta,emwn5av,bmh0uw,downward_spiral888,t3_bmh0uw,based,2
t3_emcakt,1578805200,1,/r/nosleep/comments/emcakt/something_seriously_wrong_just_happened_at_the/fdpw0g2/,t2_4ttjid43,fdpw0g2,emcakt,The_Angriest_Duck,t1_fdppi3f,"Just to play devil's advocate for a minute, maybe he thought it wasn't contagious? Metal in the mouth and lungs sounds more like an injury than a contagious virus to me. So it's possible it didn't occur to him that it was something they could catch. I do question why anyone would bring a kid to the ER for a scrape, though. ER visits are expensive, even with insurance and you CAN pick up some nasty germs there - as his daughter obviously did.",1
t3_bafwwk,1554786000,2,/r/nosleep/comments/bafwwk/can_anyone_tell_me_anything_about_this_doll/ekcmgqf/,t2_2k3n6rg1,ekcmgqf,bafwwk,roadworkkahead,t3_bafwwk,The doll in the circled ‚Äúno‚Äù pic is sitting there like ‚Äúyeah bitch. I wrote that shit.‚Äù,1
t3_cm352h,1565154000,1,/r/nosleep/comments/cm352h/i_was_offered_a_choice_between_three_pet_monsters/ew2pec8/,t2_2a062c6b,ew2pec8,cm352h,LighthouseHorror,t1_ew08xwb,"Hello! It is yes, I'm going to update once I make my choice.",2
t3_bov1kl,1558069200,99,/r/nosleep/comments/bov1kl/everyone_has_secrets_whats_yours/enl9lfy/,t2_3fpn6,enl9lfy,bov1kl,P2Pdancer,t3_bov1kl,"Crap. What‚Äôs your secret? Pretty sure you‚Äôre the next victim, not just the person to share the truth.",2
t3_aj47fc,1548392400,1,/r/nosleep/comments/aj47fc/the_serial_killer_showdown_round_5/eesq864/,t2_zsotb,eesq864,aj47fc,TheSexyPizza,t3_aj47fc,Super Serial Killer Brothers,2
t3_bpovox,1558242000,9,/r/nosleep/comments/bpovox/my_best_friend_was_infected_with_a_parasite/enyayta/,t2_14949ppa,enyayta,bpovox,eggnogandscream,t1_eny7eda,"Floaters are common, but if you get a sudden increase of them, for instance, you‚Äôre suddenly noticing more, it‚Äôs good to get your eyes checked out, just in case.",2
t3_b1uifl,1552885200,1,/r/nosleep/comments/b1uifl/i_am_a_time_traveller_and_i_just_assassinated_jfk/eiozfjq/,t2_rnqzl,eiozfjq,b1uifl,Depressed-Londoner,t1_eio91qm,It would be pretty creepy when you get to the last lines if you happen to be Trump!,2
t3_b9mhlp,1554613200,1,/r/nosleep/comments/b9mhlp/i_wanted_revenge/ek5oigh/,t2_119r8s,ek5oigh,b9mhlp,fallen_star_2319,t1_ek5n8nh,"Thank you, I wrote it a while ago and recently found this subreddit.  Felt it works here",2
t3_eb6dot,1576558800,1,/r/nosleep/comments/eb6dot/i_help_people_commit_suicide_but_they_have_to/fb3kg87/,t2_atlgi,fb3kg87,eb6dot,tamer350,t1_fb33wo5,Was just about to ask if it were the same person!,2
t3_b2oztw,1559970000,1,/r/nosleep/comments/b2oztw/my_fried_chickenloving_demon_roommate_is_back_in/eq66l50/,t2_wkshi,eq66l50,b2oztw,Chefmicah,t3_b2oztw,will there be an update,3
t3_bosrj9,1558069200,0,/r/nosleep/comments/bosrj9/im_a_911_dispatcher_and_i_think_i_received_a_call/enmjkl9/,t2_i4lzee,enmjkl9,bosrj9,Shannooty,t3_bosrj9,"Wow awesome story, would love to read a whole book focused around stuff like this :)",3
t3_ex5utn,1580706000,1,/r/nosleep/comments/ex5utn/there_is_more_to_fear_at_the_border_than_drug/fg6tkgh/,t2_tqy2ucc,fg6tkgh,ex5utn,vivirenelmar,t3_ex5utn,Ngl this scared me more than what I thought since I live in a border town haha,3
t3_cqov13,1566018000,1,/r/nosleep/comments/cqov13/my_grandad_used_to_come_to_my_room_at_night/ex0ap0r/,t2_woeth,ex0ap0r,cqov13,CptFalcone,t1_ex0acot,I've been trying to think of where I'd heard it all day! I was starting to think I had fabricated the memory.,2
t3_b66cq9,1553922000,2,/r/nosleep/comments/b66cq9/the_angel_in_the_dumpster/ejmhdzs/,t2_140rm3,ejmhdzs,b66cq9,SuzeV2,t1_ejipjkz,I know someone of a similar circumstance. God bless your dads heart...,2
t3_cxo4rp,1567400400,1,/r/nosleep/comments/cxo4rp/they_dont_call_it_the_slaugher_pen_trail_for/eyntjcb/,t2_11kswf,eyntjcb,cxo4rp,Skydog-13,t1_eymxb8d,Please do!,2
t3_eb1pvj,1576558800,7,/r/nosleep/comments/eb1pvj/the_train_im_on_just_arrived_in_hell/fb2742k/,t2_hzijp,fb2742k,eb1pvj,silverminnow,t1_fb1v436,"I used up all my high speed mobile data and am stuck with 3G until later this week. I think I'm in Gehenna, too.",2
t3_aoh2na,1550466000,1,/r/nosleep/comments/aoh2na/shes_probably_dead_because_i_wanted_money/egmvu3g/,t2_czz3r88,egmvu3g,aoh2na,Ienzio,t1_eg1puw1,"People curse when they're scared, get over it",0
t3_bsb1d8,1558760400,2,/r/nosleep/comments/bsb1d8/into_the_dark/eol4yq2/,t2_65v5eyw,eol4yq2,bsb1d8,tmybr11,t3_bsb1d8,"First off, I'm sorry for your loss.

I'm not the adventurous kind of person, so staying away from caves, lakes, tunnels, waterfalls, jungles, etc is fairly easy.

You've probably seen aliens. Some people believe many of them live underground. The description you provided matches how an alien is supposed to look.",2
t3_czgycz,1567746000,1,/r/nosleep/comments/czgycz/im_a_guard_stationed_at_a_secret_government/ez2hjiv/,t2_qimb2,ez2hjiv,czgycz,DrWilliamGrimly,t1_ez1s25g,Thanks homie. You da real mvp.,2
t3_b2gb8z,1553058000,1,/r/nosleep/comments/b2gb8z/i_have_a_demon_best_friend/eisktsj/,t2_3dxv458a,eisktsj,b2gb8z,rangergoogle,t3_b2gb8z,I wanna cry.,3
t3_cdo41a,1563426000,3,/r/nosleep/comments/cdo41a/theres_a_man_who_follows_me_around_and_narrates/etwn28k/,t2_1go7chdt,etwn28k,cdo41a,Qu1ao,t3_cdo41a,How the fuck do you shit with someone narrating it performance anxiety would hit me hard.,0
t3_e5je5x,1575522000,1,/r/nosleep/comments/e5je5x/has_anyone_else_subscribed_to_the_disney/f9kr6u9/,t2_z13mb,f9kr6u9,e5je5x,Zombemi,t3_e5je5x,"Uhm, at least the real Mel will probably pop up in there soon? So they're not alone. You need to interrogate your dad and mom. Have a weapon ready, just in case. The...viewers, those demon doubles, they're trying to spread this thing like a virus, you can't find it online so how the hell did your Dad?",1
t3_ahpljj,1549429200,1,/r/nosleep/comments/ahpljj/the_serial_killer_showdown_round_3/efr4xp2/,t2_17b7z7,efr4xp2,ahpljj,ausernameofaperson,t3_ahpljj,"Please I think you should stop. I honestly think the people involved might be as innocent as you are, and you are all being motivate to kill each other by being convinced everyone else was already a serial killer.",1
t3_abljz5,1546491600,1,/r/nosleep/comments/abljz5/i_woke_up_to_find_a_gift_on_my_kitchen_table_this/ed180gh/,t2_vh7q3of,ed180gh,abljz5,S1rRyke,t3_abljz5,Bruh why did it get deleted :(,2
t3_e1cnv8,1574830800,1,/r/nosleep/comments/e1cnv8/i_woke_up_to_an_emergency_alert_on_my_phone_now/f8pv004/,t2_3gnthi8u,f8pv004,e1cnv8,aKagayaku,t3_e1cnv8,Go out onto your balcony and climb to the roof. Try the attic first.,2
t3_abc4xo,1547528400,1,/r/nosleep/comments/abc4xo/baby_new_year/ee07jqx/,t2_14hy01,ee07jqx,abc4xo,Phimotion,t1_edsf961,I have no recollection of typing this. wtf?,0
t3_bq3861,1558414800,2,/r/nosleep/comments/bq3861/the_grey_men_of_327_cedar_lane/eo43jym/,t2_6vw2e,eo43jym,bq3861,CheezusRiced06,t3_bq3861,"god fuck tom fuckin one track mind ‚Äúgotta watch my show‚Äù maybe listen to your FRIEND and have a DIALOGUE or something, god damn awareness of a doormat when it comes to self preservation man *fuck you tom*",2
t3_dcp22e,1570338000,1,/r/nosleep/comments/dcp22e/i_took_some_friends_of_mine_shipwreck_diving_out/f2dwti4/,t2_2shnsvfy,f2dwti4,dcp22e,mycatstinksofshit,t1_f2cxapy,She's old and started sleeping in her dirt tray. Going a bit senile,2
t3_cysquc,1567573200,1,/r/nosleep/comments/cysquc/i_didnt_mean_to_i_was_just_playing_and_it_went/eyug87a/,t2_4i0dryg3,eyug87a,cysquc,WolfeNeal,t3_cysquc,"Ok I think I got mixed up... 
I thought they where camping",1
t3_dlhqu6,1571893200,1,/r/nosleep/comments/dlhqu6/ive_been_a_search_and_rescue_diver_for_12_years/f4t2mg1/,t2_kll3rrd,f4t2mg1,dlhqu6,Shimmr94,t3_dlhqu6,"This puts a whole new twist on one of my worst fears: corpses pulling me down under deep, dark, open water. Just carnivorous arms is SO much scarier üò≥ Well done!",3
t3_b493ii,1560661200,1,/r/nosleep/comments/b493ii/im_lily_madwhip_and_im_being_followed_by_a_big/er783ak/,t2_143aam,er783ak,b493ii,nightmxther,t3_b493ii,I was thinking the black dog was a symbol/metaphor for depression???? But that would seem to simple I guess oops,1
t3_awh36m,1551675600,1,/r/nosleep/comments/awh36m/lies/ehmlfv5/,t2_1yf4x6r1,ehmlfv5,awh36m,grizzly_pandabear,t3_awh36m,"Oh my this was heartbreaking to read :(
Hope to learn more about the monsters you fight though op :o",3
t3_br047e,1558587600,1,/r/nosleep/comments/br047e/why_cant_murdered_people_hold_their_breath_on_tv/eod31sn/,t2_11vqu18o,eod31sn,br047e,cvb14763,t1_eobzfny,"Yeah, ad given the fact it looks like it was written by a 10 year old, it's not even very interesting. Also

\&gt;Matt grumbled while letting a small fart out which he hopped no one heard.

What's the point of this? It just comes across as very immature.",1
t3_efx3ff,1577595600,1,/r/nosleep/comments/efx3ff/my_15_hour_drive_is_now_over_24_hours_update/fc51fhs/,t2_12rabf,fc51fhs,efx3ff,This-Is-Not-Nam,t3_efx3ff,You're on a road to nowhere.  Talking heads.  I like the forest exploration idea.  Call the cops back and tell them you are going to go full Terminator at the first police station you can find.  They'll make locating you a top priority.,2
t3_bi2891,1556514000,1516,/r/nosleep/comments/bi2891/i_justifiably_killed_a_newborn/elxuvd2/,t2_3rtnoeh,elxuvd2,bi2891,kamipsycho,t3_bi2891,"I was actually expecting it to end with whatever poison OP injected baby Jeff with didn‚Äôt kill him but instead messed him up mentally, and that was what turned him into the man that killed her mom",1
t3_bputj3,1558242000,38,/r/nosleep/comments/bputj3/my_sons_been_acting_weird_lately_so_this_morning/enytc0t/,t2_3c7ptu8w,enytc0t,bputj3,boldofyoutoassume6,t1_eny83be,"You have a shadow in your room too? Sick man mine plays video games and eats junk food with me, what does yours do?",2
t3_cznggo,1567746000,1,/r/nosleep/comments/cznggo/the_man_in_the_barbers/eyzfwqr/,t2_12lu93,eyzfwqr,cznggo,Sasstronaut7,t3_cznggo,Yet another reason to cut my own hair.,3
t3_ax5k0z,1551848400,1,/r/nosleep/comments/ax5k0z/i_drive_for_cerber_its_like_uberfor_the/ehs3b3y/,t2_jch03ns,ehs3b3y,ax5k0z,KhaosPhoenix,t1_ehryqcp,"Still lower than Michael. The capital A denotes him the highest of the four most high (some say 7, I'm not Catholic so not sure which is accurate. Maybe OP could ask for clarification if he doesn't get turned to human jam. I'd be interested to know).

Lowercase apparently makes them next to lowest of the levels but it really gets confusing.

(Plus because of conditioning from TV and other sources, I always picture the Putti when I hear of cherubim, even though I know it's wrong, and it makes me giggle. The image of warrior babies with wings is kinda weird... even though I know that's not right, I'm still picturing valentines day card cupids running around shooting ppl with heart arrows)",2
t3_dcy9r4,1570338000,1,/r/nosleep/comments/dcy9r4/sometimes_i_am_paid_to_summon_demons/f2ealzf/,t2_houwn,f2ealzf,dcy9r4,Nibaa,t1_f2djc6g,Maybe OP just doesn't want to sacrifice the good people. The demon may not care either way about morality.,1
t3_d9tbct,1569819600,1,/r/nosleep/comments/d9tbct/im_the_monster_who_lives_in_your_closet_and_i/f1oisl3/,t2_ce0zg,f1oisl3,d9tbct,howtochoose,t1_f1oh2tr,It's been reposted. I'm not sure why it got deleted...,2
t3_ebxprb,1576731600,1,/r/nosleep/comments/ebxprb/i_promised_my_mom_i_would_kill_my_sister_part_9/fb7u7f4/,t2_164hpub3,fb7u7f4,ebxprb,cpotter32,t1_fb7tvi7,(Not you op. The people that deleted your post....),2
t3_e25rfo,1575003600,1,/r/nosleep/comments/e25rfo/never_look_at_yourself_in_the_mirror_at_930_pm/f8v3nh8/,t2_40wkrrfv,f8v3nh8,e25rfo,XD_IGHMSOl,t3_e25rfo,Great,3
t3_asgkkl,1550811600,1,/r/nosleep/comments/asgkkl/my_buddy_and_i_found_an_old_computer_in_the_trash/egvgmsu/,t2_1z118eh,egvgmsu,asgkkl,OuroborosTheory,t3_asgkkl,"So many questions! Hope you changed your mind about opening the file. Worst case scenario is someone will find, copy and spread the file to others. Wouldn't want to see the mountain of bile and belongings that 100 people could make....",2
t3_bunwnk,1559451600,1,/r/nosleep/comments/bunwnk/something_roams_in_the_bushlands_of_australia_and/epkw6qp/,t2_1my5486p,epkw6qp,bunwnk,DatSpaceBass,t1_epka875,"There are a couple peaceful creatures in the bush, like possums or echidnas, y‚Äôknow small mammals and such.

And I mainly didn‚Äôt tell anyone because I didn‚Äôt wanna get committed. And I highly doubt anyone would believe what happened.",2
t3_aufw1i,1551157200,1,/r/nosleep/comments/aufw1i/third_parent/eh7x6vp/,t2_g4muo,eh7x6vp,aufw1i,Prudencerufus,t3_aufw1i,You copied this story. Almost to the letter. This is a series.,0
t3_dhieq7,1571202000,1,/r/nosleep/comments/dhieq7/halloween_is_illegal_in_my_hometown_we_have_a/f3qnf7b/,t2_2ofgl26p,f3qnf7b,dhieq7,bossy00912,t3_dhieq7,"Wow, this story gets me on edge.",3
t3_bxkzjb,1559970000,1,/r/nosleep/comments/bxkzjb/i_probably_worry_too_much_part_two/eq7q7bo/,t2_21auv731,eq7q7bo,bxkzjb,xGwynethx,t3_bxkzjb,"Be on guard, OP! I know you like to see the best in *everyone* but please, for your own safety, *follow your gut instinct!!!*",2
t3_a0vz3f,1553576400,1,/r/nosleep/comments/a0vz3f/letter_from_the_girl_who_watched_you_grow_up_part/ej96v9f/,t2_oqi99qi,ej96v9f,a0vz3f,RandomGuyWhoComments,t3_a0vz3f,"I read this a while back, and I loved it. Why's it deleted now",3
t3_dje5dd,1571547600,1,/r/nosleep/comments/dje5dd/my_mom_never_told_me_she_was_in_ballet_heres_why/f45sxwj/,t2_eg2d0,f45sxwj,dje5dd,primalbluewolf,t1_f45nghf,"I mean, those kind of parents wouldnt even notice.",2
t3_ayde34,1552194000,1,/r/nosleep/comments/ayde34/fortyeight_years_ago_my_only_friends_were_a_bag/ei3nmnn/,t2_yytqk,ei3nmnn,ayde34,YoshiPlays8164,t3_ayde34,oh FUCK I absolutely *love* this mystery. Nice story!,4
t3_em2fpn,1578632400,2,/r/nosleep/comments/em2fpn/the_message/fdm0ac3/,t2_3cotm,fdm0ac3,em2fpn,Rangermatthias,t3_em2fpn,"So, by spreading it online, you've increased its power  exponentially. Thanks a lot! 

Now I'll have to move it up on The List.",0
t3_d6a7f8,1577422800,1,/r/nosleep/comments/d6a7f8/i_work_as_a_security_guard_for_a_company_that/fc26502/,t2_xfwk6ki,fc26502,d6a7f8,Bekah679872,t1_f0rdp1h,"Luckily for that guard it wasn‚Äôt one of the more dangerous outcomes. I could see them firing him if the opening and closing of doors caused someone‚Äôs death, but I also can‚Äôt imagine that they have a whole lot of employees.",2
t3_e1eyok,1574830800,0,/r/nosleep/comments/e1eyok/i_was_in_prison_for_15_years_there_was_a/f8qib9t/,t2_aa91n,f8qib9t,e1eyok,SmolikOFF,t3_e1eyok,Finally something actually scary,3
t3_e15p4m,1574830800,1,/r/nosleep/comments/e15p4m/emergency_broadcast_crimson_alert_three/f8o8byk/,t2_hsxzm,f8o8byk,e15p4m,AshRavenEyes,t3_e15p4m,Wheres doom guy when you need him geez,2
t3_ebrx4i,1576731600,1,/r/nosleep/comments/ebrx4i/im_trapped_in_a_nightmare_that_repeats_every_time/fb6wthi/,t2_1z6kiohr,fb6wthi,ebrx4i,wisfor,t3_ebrx4i,by the title I suppose you spend too much time playing dark souls,1
t3_bdlgum,1555995600,1,/r/nosleep/comments/bdlgum/my_worst_911_call/elep5kj/,t2_2cpzrffv,elep5kj,bdlgum,PerfectDebate,t1_ekziwu9,Ghosts aren't always the most rational and make mistakes sometimes.,2
t3_ew34z6,1580533200,1,/r/nosleep/comments/ew34z6/theres_something_strange_in_the_fog_part_6/fg2w3ka/,t2_34lx43eg,fg2w3ka,ew34z6,TheProGamerDan,t1_fg2trzb,Look at the very bottom of the 1st part there should be a link to it,2
t3_eis3it,1578286800,2,/r/nosleep/comments/eis3it/you_already_know_the_rules_dont_step_on_the_cracks/fd3ic2g/,t2_58wndni7,fd3ic2g,eis3it,firinnish,t1_fcttd7b,"This has definitely *ever* worked but I wouldn't bet my life on it. Depends on the kind of fae. Hoarders gonna hoard, but hunters....",2
t3_c268x4,1561352400,-1,/r/nosleep/comments/c268x4/i_work_for_a_celebrity_that_doesnt_exist/ers6497/,t2_14saqb,ers6497,c268x4,Wheelaffect,t3_c268x4,"Literally 92% of the people commenting think this is a real story and they‚Äôre trying to figure it out right now. 

Just let that sink in.",3
t3_dcwmzt,1570338000,1,/r/nosleep/comments/dcwmzt/this_is_not_a_suicide_note/f2dw2dh/,t2_2grqnf3p,f2dw2dh,dcwmzt,onebigoof,t3_dcwmzt,"This was phenomenal. For the first time in a long time, a story made me feel actual fear. Great job!",4
t3_cal7hw,1562734800,2,/r/nosleep/comments/cal7hw/im_a_lawyer_and_my_client_killed_their_whole/etakbi7/,t2_10w00q,etakbi7,cal7hw,Lady_Looshkin,t1_eta9dnr,"The mortician implies the girls were badly beaten but the video evidence says they were smothered.

Also there is a chance they weren't entirely human.

If they were like the kids from village of the damned I'd understand someone getting rid of them anyway they could!!",1
t3_agc3we,1547874000,1,/r/nosleep/comments/agc3we/im_a_therapist_and_my_patients_are_accusing_each/ee9ik0r/,t2_26xaqaot,ee9ik0r,agc3we,octahedragon,t3_agc3we,"Ok, so am I the only one fixated on how we thought the FedEx guy was Noah, but he‚Äôs actually Trevor?

Trevor Noah? Was this deliberate?",1
t3_cd0dpm,1563253200,12,/r/nosleep/comments/cd0dpm/i_used_to_work_at_area_51_and_i_have_a_message/etslc3y/,t2_2i88wfh6,etslc3y,cd0dpm,YoBoidaidiot,t3_cd0dpm,No nothing is going to stop me from getting those cat girls,2
t3_affh70,1547528400,1,/r/nosleep/comments/affh70/true_story_working_in_a_creepy_mental_health/edyid7y/,t2_149xv1,edyid7y,affh70,HoneyHopScotch,t3_affh70,"I work in a county mental health facility. I know I can dial into my extension from any county office, buildings apart and cities apart. Maybe that was what was happening?",2
t3_alrpvm,1549256400,1,/r/nosleep/comments/alrpvm/my_name_is_lily_madwhip_and_i_think_my_dad_is/efkudx6/,t2_1by29sn3,efkudx6,alrpvm,ElizeLin,t1_efjghw0,"I really really like your stories, I hope to read more from you soon! You're an interesting person after all.",3
t3_eis3it,1578805200,1,/r/nosleep/comments/eis3it/you_already_know_the_rules_dont_step_on_the_cracks/fdqm04y/,t2_vg0xf,fdqm04y,eis3it,blondie--,t3_eis3it,"Never eat fish with milk. And, listen to your cat. Forget the rules about acting like things are real on the sub, when I was in high school, someone was killed not far from my house. I decided to walk my dogs that night anyways because two Bernese mountain dogs are plenty big to protect me, right? But my cat started to follow me. Meow from behind me. I ignored it until we reached the top of the hill and he dashed in front of me, arched his back, and *hissed*. I immediately scooped him up and ran back to the house with my dogs. He was caught not far from my house in the direction I was walking. 

Dogs seldom notice the problem until they are almost at the point of no return and they have to fight to protect you, but cats just know. They stop you before things happen if you're wise enough to listen. If I hadn't listened, no matter how hard they fought, they're not terribly good against a gun, and we wouldn't have gotten away unscathed.",2
t3_ekxnev,1578459600,7,/r/nosleep/comments/ekxnev/take_out_your_airpods_immediately_soon_you_wont/fdeud5a/,t2_p8lrc,fdeud5a,ekxnev,Grand_Theft_Motto,t1_fdetyx8,"That's good advice. Once they know I let the cat out of the bag, though, I'm not sure they'll be in a deal making mood. 

Hopefully, none of them Reddit.",2
t3_d453sp,1568610000,1,/r/nosleep/comments/d453sp/i_got_paid_20k_to_test_a_video_game_and_now/f0at68e/,t2_ij4qv8x,f0at68e,d453sp,hahaLONGBOYE,t1_f09c35v,"What if they‚Äôre not seeing through his eyes though, and actually can tell what he‚Äôs thinking. Even if they sleep maybe they have an alert to go off during certain thoughts OP has.",2
t3_ch1m02,1564117200,1,/r/nosleep/comments/ch1m02/i_questioned_god_he_answered/euq19gx/,t2_37rasr1b,euq19gx,ch1m02,Generickangaroo,t3_ch1m02,I thought i was on r/christianity and i only realised it was no sleep near the end,1
t3_e7p3t7,1575867600,1,/r/nosleep/comments/e7p3t7/i_turned_on_the_tv_because_i_was_bored_but_that/fa27udc/,t2_2y0k0njx,fa27udc,e7p3t7,Plawpyyy,t3_e7p3t7,OP. You're smart. You can make it through this. We're with you.,2
t3_dq4vqj,1572757200,1,/r/nosleep/comments/dq4vqj/the_worst_wedding_ive_ever_photographed/f60pgv7/,t2_203k97v,f60pgv7,dq4vqj,Petentro,t3_dq4vqj,He sounds like a Naga,1
t3_ac1d0h,1546664400,1,/r/nosleep/comments/ac1d0h/im_a_cop_and_i_institutionalized_someone_i_knew/ed4z4c1/,t2_1a2kuswx,ed4z4c1,ac1d0h,z2a1-9,t3_ac1d0h,Awesome! Looking forward to seeing how this manifests itself!,3
t3_e6inwh,1578286800,3,/r/nosleep/comments/e6inwh/a_light_in_dark_places/fd3co93/,t2_9j0t195,fd3co93,e6inwh,Erinelizabethx0,t3_e6inwh,Beautiful!,4
t3_ednuom,1577077200,1,/r/nosleep/comments/ednuom/the_train_i_was_on_has_reached_the_end_of_the/fbl952h/,t2_1453zg,fbl952h,ednuom,BigPanda71,t1_fbkiz22,"Happens with far more stories on this sub than it should. I don‚Äôt know if people get bored telling their true stories and rush the ending, or if the endings are just really hard to convey. Either way it‚Äôs disappointing every time it happens",0
t3_bzjfve,1560488400,1,/r/nosleep/comments/bzjfve/please_please_stop_drinking_water_all_water/eqv12dw/,t2_15dzoe,eqv12dw,bzjfve,arte67,t3_bzjfve,r/hydrohomies must be in on it,1
t3_ew6mvu,1580533200,1,/r/nosleep/comments/ew6mvu/confessions_of_a_twitch_girl/fg26cq9/,t2_jxxe1,fg26cq9,ew6mvu,large_bug_weenie,t3_ew6mvu,I did not realize I was reading /r/nosleep and I thought this was an IAMA for a second,1
t3_b4vyxc,1553576400,1,/r/nosleep/comments/b4vyxc/she_sold_happiness_in_glass_jars/ej9mbrf/,t2_k6zcb,ej9mbrf,b4vyxc,fuckingupconstantly,t3_b4vyxc,So wholesome. Love it.,1
t3_dgq3yo,1571029200,1,/r/nosleep/comments/dgq3yo/i_only_read_the_end/f3erx8m/,t2_4b9weutn,f3erx8m,dgq3yo,ThySophia,t3_dgq3yo,No comment.,2
t3_emvzsy,1578978000,1,/r/nosleep/comments/emvzsy/i_was_a_boogeyman_for_12_years_yesterday_the_kid/fe0ka8b/,t2_2ahaebw,fe0ka8b,emvzsy,Havinacow,t3_emvzsy,"The scary thing is that ""it""is very real. ""It"" is called mental illness, and it can happen to anyone. And it often takes many years for someone to overcome, and they often don't even I have control of their own actions.",1
t3_bs7p8k,1558760400,3,/r/nosleep/comments/bs7p8k/the_drug_experiment_part_2/eojwtmm/,t2_14md9d,eojwtmm,bs7p8k,alexCDG,t3_bs7p8k,o shit,3
t3_b9kz0f,1554613200,6,/r/nosleep/comments/b9kz0f/why_i_dont_swim/ek80w8o/,t2_2rfj04b,ek80w8o,b9kz0f,EchoOfEternity,t1_ek60ea9,"DUDE! I could NOT swim in ANYTHING past dusk until I was around...
.probably about 16 years old.",2
t3_cokl1l,1565672400,1,/r/nosleep/comments/cokl1l/if_youre_armed_and_at_the_glenmont_metro_please/ewlwe9m/,t2_2xgzw30u,ewlwe9m,cokl1l,Gonorrhea_NoduIe,t1_ewjmjtc,Based on the effects it seems like his brain works faster but that his IQ based on his own perception of time is the same. But if he took a timed IQ test presumably he would do better.,2
t3_dp614a,1572584400,1,/r/nosleep/comments/dp614a/i_had_a_disturbing_conversation_with_my/f5ukujj/,t2_16q6y5,f5ukujj,dp614a,glitchinthemandar,t3_dp614a,"They like night fishing, huh? Guess that makes the kid bait...",2
t3_cye9y6,1567573200,1,/r/nosleep/comments/cye9y6/i_always_kept_the_advice_in_mind_ignore_the/eyt2jqr/,t2_41gzc24r,eyt2jqr,cye9y6,Randomguythere195,t1_eysjqfg,Finally! Someone who gets it right!,4
t3_dbwq3m,1570165200,1,/r/nosleep/comments/dbwq3m/i_took_up_a_job_as_a_night_guard_i_shouldnt_have/f27a0q6/,t2_12hzytdy,f27a0q6,dbwq3m,Thenewgirl98,t3_dbwq3m,Very similar to the apartment building story and the dark web story too.,1
t3_aupbtf,1551330000,1,/r/nosleep/comments/aupbtf/are_you_good_with_google_earth/ehaykcc/,t2_mz0knzt,ehaykcc,aupbtf,Alucard_Q_Kazoo,t3_aupbtf,"Shark

Seems far off (and maybe it is) but here's my reasoning:

 *  He picked up ""swedish fish"" at the gas station, fish being a normal diet for sharks.
 *  Knife with tiger print: a species of sharks are called tiger sharks
 *  Talked about and emphasized a ""white"" sweater, pinning it to the bottom of the ocean. Sharks typically have white bellies and stay closer to the bottom of the ocean so that they can ""hide"" from any prey that's above them.
 *  ""In the water, I was born again. The same water I could still drown in..."" Sharks like the Great White can drown if they stop swimming. Plus, the second sentence felt redundant to even mention: of course you as a human can drown in water.
 *  ""Is this where I develop an appetite that could only be quenched by blood? Or does it stop here?"" Sharks are known to not like the taste of human blood, but more often than not, sharks will confuse people for seals and attack. Once they realize they're chewing on a human being, they stop altogether. Yet there have been stories/rumors of sharks developing a preference for human meat anyway.
 *  Lastly, sharks *are* a living thing on the west coast where the coordinates are located.

  


It's a stretch but that it made the most sense to me.",2
t3_dxh9g8,1574139600,0,/r/nosleep/comments/dxh9g8/youve_killed_somebody_and_youre_going_to_kill/f7u6xta/,t2_nq2q1lt,f7u6xta,dxh9g8,Alex_the_pyro,t3_dxh9g8,X iop,2
t3_elkyq1,1578632400,1,/r/nosleep/comments/elkyq1/i_cant_leave_my_grandmothers_house_and_im/fdlqjx8/,t2_3xda0ydq,fdlqjx8,elkyq1,REEEEEEEEEE-sir,t3_elkyq1,"Push her down the stairs,and walk out (preferably walking over her)",2
t3_bvy4vv,1559624400,6,/r/nosleep/comments/bvy4vv/weve_been_stuck_in_construction_traffic_for_8/eptstg3/,t2_2348k5na,eptstg3,bvy4vv,AidenR449,t1_eptie9i,What did he say,2
t3_cthn4o,1566536400,1,/r/nosleep/comments/cthn4o/my_dead_cousin_is_trying_to_kill_me/exksz49/,t2_4f2x3deu,exksz49,cthn4o,tombinmybasement,t3_cthn4o,"Yeah, I'm not sure what I would do if my cousin was trying to kill me.",2
t3_cylxfl,1567573200,1,/r/nosleep/comments/cylxfl/theres_been_a_tornado_warning_for_the_past_three/eytop4h/,t2_16p8c3,eytop4h,cylxfl,cybernetic-ascetic,t1_eytntru,"Can confirm, am Kansan",2
t3_b6k6n2,1553922000,10,/r/nosleep/comments/b6k6n2/killer_nanna/ejmfi1j/,t2_dzy9n,ejmfi1j,b6k6n2,rosearmada,t1_ejlkny5,Hey it's me the police,2
t3_b40g0k,1553403600,1,/r/nosleep/comments/b40g0k/i_was_a_preschool_teacher_this_is_why_i_quit/ej5l895/,t2_35hq7wg5,ej5l895,b40g0k,_Raymond_Reddington_,t1_ej531t8,Even 5 mins can help.,2
t3_dbcgir,1569992400,3,/r/nosleep/comments/dbcgir/im_starting_to_become_suspicious_of_my_girlfriend/f212rym/,t2_45r36msv,f212rym,dbcgir,Anasusateee,t3_dbcgir,"Move out of your city. Change your name. Change your clothes, your hair, whatever you need to do. Just get away from that bone cracking weirdo.",2
t3_aycezg,1552712400,1,/r/nosleep/comments/aycezg/to_whom_this_body_belongs/eiid7nj/,t2_f8tva,eiid7nj,aycezg,ctrlcutcopy,t3_aycezg,I would totally watch a show about this spirit+former party girl out saving people/preventing attacks and setting ppl on the right track. Be like Quantum leap but with more gore and a cute body,2
t3_bqgosx,1558414800,77,/r/nosleep/comments/bqgosx/my_sister_discovered_a_universal_language_but_she/eo572s5/,t2_z95d1vz,eo572s5,bqgosx,Xlimz502,t1_eo56mab,"She can still understand it, so there's gotta be some stimuli that remembers it somehow.",2
t3_ahiuoy,1548046800,1,/r/nosleep/comments/ahiuoy/i_was_14_and_i_didnt_know_what_i_was_doing_pt_2/eeg8lua/,t2_fbmo4pu,eeg8lua,ahiuoy,reddituser4002,t3_ahiuoy,Damn teenagers.,1
t3_bvtmdh,1559624400,397,/r/nosleep/comments/bvtmdh/i_am_a_quadriplegic_but_i_can_still_feel_pain/epsmp7v/,t2_2k3w9kn2,epsmp7v,bvtmdh,SeductivePlumage,t3_bvtmdh,This sounds just awful but I'm surprised she never once tried contacting you during that time away.,2
t3_c0lpc6,1560661200,2,/r/nosleep/comments/c0lpc6/the_ocean_is_much_deeper_than_we_thought/er6uiux/,t2_2ho3l05e,er6uiux,c0lpc6,raisingwatsons,t3_c0lpc6,"HOLY SH*T, I NEED MORE!",4
t3_c1f51w,1560834000,9,/r/nosleep/comments/c1f51w/my_buddies_and_i_went_camping_in_a_remote_forest/erdk0ij/,t2_u3yuy,erdk0ij,c1f51w,TheColdPeople,t1_erddyz6,lmao i should have listened to you,0
t3_cjzfky,1564635600,1,/r/nosleep/comments/cjzfky/the_previous_tenant_of_my_new_flat_left_a/evhvkwa/,t2_3nt8qghf,evhvkwa,cjzfky,TheWalkingBread3228,t1_evhu0bc,At least demon kids seem to hate other spoopy entities (well fiery cult for sure maybe others too )  and they should be useful dealing with them,2
t3_bibwzf,1556686800,1,/r/nosleep/comments/bibwzf/today_is_my_25th_birthday_ive_been_getting_a/em1w0gc/,t2_2rnk1t3r,em1w0gc,bibwzf,FrostyGarden420,t3_bibwzf,fuck !!! the ending got me !!! this was good,3
t3_ce2by1,1563426000,2,/r/nosleep/comments/ce2by1/my_wives_dont_get_along/etzje94/,t2_4inyfmt,etzje94,ce2by1,KlyonneSpencer,t3_ce2by1,Ron Swanson?,2
t3_c1i3ph,1560834000,6,/r/nosleep/comments/c1i3ph/bus_8/erdifq2/,t2_262o1mb0,erdifq2,c1i3ph,BwackGul,t3_c1i3ph,"But why did Agustus have amnesia about coffee shops? If his body is there, with you, in the hospital isn't he from this time period and previously spent time in NYC?",1
t3_exckrq,1580706000,1,/r/nosleep/comments/exckrq/everyone_in_town_loves_frockles_fantastic_sour/fg83rf3/,t2_42pacdkw,fg83rf3,exckrq,plsfeedm3,t3_exckrq,More please,3
t3_afmva4,1547701200,1,/r/nosleep/comments/afmva4/i_kept_digging_and_digging_and_digging_finale/ee4dpng/,t2_8h8gfjd,ee4dpng,afmva4,wchigo,t1_ee4dflo,"Yep. Part of me thinks he put his friend up to it, and he wanted the catharsis of the revenge more than his friend. For that matter, he never even disclosed how close they are.

In the end, his friend was a loose end that he probably would‚Äôve cut out of his life sooner or later, and circumstances just happened to make it be sooner.",1
t3_cfk7rm,1563771600,60,/r/nosleep/comments/cfk7rm/i_think_the_dead_sea_was_created_for_a_reason/eub3kge/,t2_xglruwn,eub3kge,cfk7rm,Chogstogo,t3_cfk7rm,I read somewhere that the Dead Sea in Israel is the lowest point of land below sea level. Even heard a sermon before that it's the gateway to hell.,2
t3_dmg9c8,1572066000,1,/r/nosleep/comments/dmg9c8/ive_been_a_search_and_rescue_diver_for_12_years/f51jxtj/,t2_r8buh,f51jxtj,dmg9c8,amcm67,t1_f50y449,"Rule 8. Everything is true here, even if it‚Äôs not.",1
t3_bvb8v0,1559451600,12,/r/nosleep/comments/bvb8v0/i_was_kidnapped_as_a_childby_another_child/epojv82/,t2_1ellva7l,epojv82,bvb8v0,Machka_Ilijeva,t1_epobh6e,"Possibly, but I read it as his friend is worried people will think OP is a sicko. Either could be true?",2
t3_c2141i,1561006800,1,/r/nosleep/comments/c2141i/anitharith/ergw749/,t2_15vodp,ergw749,c2141i,UrbanHyena,t3_c2141i,Fantastic! I'll definitely have to look out for your future stories.,4
t3_dk7kbb,1571720400,1,/r/nosleep/comments/dk7kbb/everyone_in_my_family_is_assigned_an_hourglass/f4dwab9/,t2_206n1ch4,f4dwab9,dk7kbb,CreativeBobbles,t1_f4dfn76,Maybe he did. Im open to it honestly. But that doesnt change the fact that he would've been a normal child if OP just didn't touch the hour glass smh,2
t3_cokl1l,1569646800,1,/r/nosleep/comments/cokl1l/if_youre_armed_and_at_the_glenmont_metro_please/f1i7obs/,t2_8xs2t,f1i7obs,cokl1l,ehartsay,t1_ewl2jel,I totally got this reference! ^_^,2
t3_eiy4z2,1578114000,0,/r/nosleep/comments/eiy4z2/the_catholic_church_knows_the_truth_about_hell/fcvstjc/,t2_zh2ub,fcvstjc,eiy4z2,Restryouis,t1_fcvrc1f,"they belong to a religion that promises life after death based on a resurrecting God, that could also resurrect others, quite sure they can handle those concepts",2
t3_dm86h5,1572066000,1,/r/nosleep/comments/dm86h5/ive_been_flying_for_almost_thirty_hours_and_the/f5194jd/,t2_7reht,f5194jd,dm86h5,khamuncents,t1_f5007fj,The downvotes coincide with the number of times this was copied lol,0
t3_ey3504,1580878800,1,/r/nosleep/comments/ey3504/something_happened_to_my_mother_that_i_cant/fgf34ob/,t2_5fvcj,fgf34ob,ey3504,josephanthony,t3_ey3504,"Join her, down there in the Dark with her Darkfriend friends.",2
t3_epbhdb,1579323600,1,/r/nosleep/comments/epbhdb/my_wife_keeps_waking_me_up_from_sleepwalking_its/feldstk/,t2_12ex0j,feldstk,epbhdb,wildhog323,t3_epbhdb,Couch cushions in the oven!,2
